Feature,count,mean,std,min,25%,50%,75%,max,%missing,cardinality
Price (€),54000.0,340638.8199174074,1662132.259095995,5250.0,157000.0,250000.0,365000.0,225000000.0,0.0,6845
